,Topic 0,Topic 1,Topic 2
anc-088,0.7053508100399404,0.0,0.0
anc-089,0.6410418073112643,0.0,0.0
anc-090,0.0,0.0,1.1932889077205915
anc-091,0.0,1.2550672893765134,0.0
lau-013,0.5492540887287197,0.05138427757662056,0.0
lau-014,0.7124488900818162,0.0,0.0
loh-157,0.4948977433691306,0.11859243724048785,0.0
loh-158,0.45682734173698625,0.0,0.059042058836158984
loh-159,0.21502970571350408,0.21439280338175606,0.24629313095894764
loh-160,0.658819000391165,0.0,0.11013626710451302
