,Topic 0,Topic 1,Topic 2
anc-088,0.6853488592998432,0.0,0.0
anc-089,0.6796908031969898,0.0,0.02104355601874611
anc-090,0.6287552818542217,0.0,0.0
anc-091,0.01966943436330091,0.0,1.2637796783793933
lau-013,0.5431807590706524,0.0,0.0
lau-014,0.5967769780577528,0.2443140130395348,0.0
loh-157,0.00758937698357913,1.2454016384229458,0.0
loh-158,0.3485598475233081,0.11901467250003112,0.0
loh-159,0.3917887924024947,0.0,0.2478359951826774
loh-160,0.7176651573006001,0.06445639964312476,0.0
